Metric,Equal Weight,CVaR Portfolio
Annual Return,0.1090356257042553,0.015189948794524944
Annual Volatility,0.15667927417200475,0.06769760938320853
Sharpe Ratio,0.6959160762038917,0.22437939733648268
Max Drawdown,-0.2437397373997484,-0.17091867198617594
